,Player,Unique ID
0,Justin Abdelkader\abdelju01,1
1,Pontus Aberg\abergpo01,2
2,Noel Acciari\acciano01,3
3,Sebastian Aho\ahose01,4
4,Karl Alzner\alzneka01,5
5,Josh Anderson\anderjo05,6
6,Andy Andreoff\andrean01,7
7,Sven Andrighetto\andrisv01,8
8,Artem Anisimov\anisiar01,9
9,Josh Archibald\archijo01,10
10,Joel Armia\armiajo01,11
11,Viktor Arvidsson\arvidvi01,12
12,Andreas Athanasiou\athanan01,13
13,Cam Atkinson\atkinca01,14
14,Yohann Auvitu\auvityo01,15
15,David Backes\backeda01,16
16,Mikael Backlund\backlmi01,17
17,Nicklas Backstrom\backsni02,18
18,Sven Baertschi\baertsv01,19
19,Josh Bailey\bailejo01,20
20,Justin Bailey\baileju01,21
21,Nicholas Baptiste\baptini01,22
22,Ivan Barbashev\barbaiv01,23
23,Mark Barberio\barbema01,24
24,Aleksander Barkov\barkoal01,25
25,Tyson Barrie\barrity01,26
26,Matt Bartkowski\bartkma01,27
27,Jay Beagle\beaglja01,28
28,Francois Beauchemin\beaucfr01,29
29,Nathan Beaulieu\beaulna01,30
30,Anthony Beauvillier\beauvan01,31
31,Matt Beleskey\belesma01,32
32,Pierre-Edouard Bellemare\bellepi01,33
33,Jamie Benn\bennja01,34
34,Jordie Benn\bennjo01,35
35,Beau Bennett\bennebe01,36
36,Sam Bennett\bennesa01,37
37,Matt Benning\bennima01,38
38,Patrice Bergeron\bergepa01,39
39,Patrik Berglund\berglpa01,40
40,Bryan Bickell\bickebr01,41
41,Alex Biega\biegaal01,42
42,Kevin Bieksa\biekske01,43
43,Anthony Bitetto\bitetan01,44
44,Oliver Bjorkstrand\bjorkol01,45
45,Nick Bjugstad\bjugsni01,46
46,Joseph Blandisi\blandjo01,47
47,Anton Blidh\blidhan01,48
48,Mikkel Boedker\boedkmi01,49
49,Zach Bogosian\bogosza01,50
50,Jared Boll\bollja01,51
51,Nick Bonino\boninni01,52
52,Mark Borowiecki\borowma01,53
53,Robert Bortuzzo\borturo01,54
54,Reid Boucher\bouchre01,55
55,Lance Bouma\boumala01,56
56,Michael Bournival\bournmi01,57
57,Rene Bourque\bourqre01,58
58,Jay Bouwmeester\bouwmja01,59
59,Johnny Boychuk\boychjo01,60
60,Brian Boyle\boylebr01,61
61,Tyler Bozak\bozakty01,62
62,Derick Brassard\brassde01,63
63,Justin Braun\braunju01,64
64,T.J. Brodie\broditj01,65
65,Jonas Brodin\brodijo01,66
66,Kyle Brodziak\brodzky01,67
67,Troy Brouwer\brouwtr01,68
68,Connor Brown\brownco02,69
69,Dustin Brown\browndu01,70
70,J.T. Brown\brownjt01,71
71,Patrick Brown\brownpa02,72
72,Pavel Buchnevich\buchnpa01,73
73,Andre Burakovsky\burakan01,74
74,Alexander Burmistrov\burmial01,75
75,Brent Burns\burnsbr01,76
76,Alexandre Burrows\burroal01,77
77,Dustin Byfuglien\byfugdu01,78
78,Paul Byron\byronpa01,79
79,Drake Caggiula\caggidr01,80
80,Ryan Callahan\callary01,81
81,Matt Calvert\calvema01,82
82,Mike Cammalleri\cammami01,83
83,Brian Campbell\campbbr02,84
84,Brandon Carlo\carlobr01,85
85,John Carlson\carlsjo01,86
86,Ryan Carpenter\carpery01,87
87,Daniel Carr\carrda01,88
88,Connor Carrick\carrico01,89
89,William Carrier\carriwi01,90
90,Jeff Carter\carteje01,91
91,Cody Ceci\cecico01,92
92,Peter Cehlarik\cehlape01,93
93,Michael Chaput\chapumi01,94
94,Zdeno Chara\charazd01,95
95,Ben Chiarot\chiarbe01,96
96,Alex Chiasson\chiasal01,97
97,Jason Chimera\chimeja01,98
98,Taylor Chorney\chornta01,99
99,Jakob Chychrun\chychja01,100
100,Casey Cizikas\cizikca01,101
101,Fredrik Claesson\claesfr01,102
102,Adam Clendening\clendad01,103
103,Kyle Clifford\cliffky01,104
104,Cal Clutterbuck\cluttca01,105
105,Braydon Coburn\coburbr01,106
106,Andrew Cogliano\coglian01,107
107,Joe Colborne\colbojo01,108
108,Ian Cole\coleia01,109
109,Blake Coleman\colembl01,110
110,Blake Comeau\comeabl01,111
111,J.T. Compher\comphj.01,112
112,Cory Conacher\conacco01,113
113,Erik Condra\condrer01,114
114,Kevin Connauton\connake01,115
115,Brett Connolly\connobr01,116
116,Kyle Connor\connoky01,117
117,Andrew Copp\coppan01,118
118,Nick Cousins\cousini01,119
119,Logan Couture\coutulo01,120
120,Sean Couturier\coutuse01,121
121,Charlie Coyle\coylech01,122
122,Adam Cracknell\crackad01,123
123,Joseph Cramarossa\cramajo01,124
124,Sidney Crosby\crosbsi01,125
125,Lawson Crouse\crousla01,126
126,Matt Cullen\cullema01,127
127,Austin Czarnik\czarnau01,128
128,Klas Dahlbeck\dahlbkl01,129
129,Trevor Daley\daleytr01,130
130,Phillip Danault\danauph01,131
131,Marko Daňo\danoma01,132
132,Laurent Dauphin\dauphla01,133
133,Brandon Davidson\davidbr01,134
134,Calvin de Haan\dehaaca01,135
135,Anthony DeAngelo\deangan01,136
136,Danny DeKeyser\dekeyda01,137
137,Michael Del Zotto\delzomi01,138
138,Dylan DeMelo\demeldy01,139
139,Jason Demers\demerja01,140
140,David Desharnais\deshada01,141
141,Andrew Desjardins\desjaan01,142
142,Nicolas Deslauriers\deslani01,143
143,Phillip Di Giuseppe\digiuph01,144
144,Jason Dickinson\dickija01,145
145,Brenden Dillon\dillobr01,146
146,Shane Doan\doansh01,147
147,Max Domi\domima01,148
148,Joonas Donskoi\donskjo01,149
149,Derek Dorsett\dorsede01,150
150,Jake Dotchin\dotchja01,151
151,Drew Doughty\doughdr01,152
152,Nic Dowd\dowdni01,153
153,Leon Draisaitl\draisle01,154
154,Jonathan Drouin\drouijo01,155
155,Brandon Dubinsky\dubinbr01,156
156,Matt Duchene\duchema01,157
157,Anthony Duclair\duclaan01,158
158,Mathew Dumba\dumbama01,159
159,Gabriel Dumont\dumonga01,160
160,Brian Dumoulin\dumoubr01,161
161,Christian Dvorak\dvorach01,162
162,Ryan Dzingel\dzingry01,163
163,Cody Eakin\eakinco01,164
164,Patrick Eaves\eavespa01,165
165,Jordan Eberle\eberljo01,166
166,Alexander Edler\edleral01,167
167,Joel Edmundson\edmunjo01,168
168,Nikolaj Ehlers\ehlerni01,169
169,Jack Eichel\eicheja01,170
170,Aaron Ekblad\ekblaaa01,171
171,Mattias Ekholm\ekholma01,172
172,Oliver Ekman-Larsson\ekmanol01,173
173,Remi Elie\eliere01,174
174,Lars Eller\ellerla01,175
175,Ryan Ellis\ellisry01,176
176,Alexei Emelin\emelial01,177
177,Deryk Engelland\engelde01,178
178,Tyler Ennis\ennisty01,179
179,Toby Enström\enstrto01,180
180,Jonathan Ericsson\ericsjo01,181
181,Loui Eriksson\erikslo01,182
182,Joel Eriksson Ek\eriksjo02,183
183,Adam Erne\ernead01,184
184,Robby Fabbri\fabbrro01,185
185,Radek Faksa\faksara01,186
186,Justin Falk\falkju01,187
187,Hudson Fasching\faschhu01,188
188,Jesper Fast\fastje01,189
189,Justin Faulk\faulkju01,190
190,Taylor Fedun\fedunta01,191
191,Eric Fehr\fehrer01,192
192,Micheal Ferland\ferlami01,193
193,Kevin Fiala\fialake01,194
194,Vernon Fiddler\fiddlve01,195
195,Valtteri Filppula\filppva01,196
196,Mike Fisher\fishemi01,197
197,Brian Flynn\flynnbr01,198
198,Marcus Foligno\foligma01,199
199,Nick Foligno\foligni01,200
200,Christian Folin\folinch01,201
201,Derek Forbort\forbode01,202
202,Filip Forsberg\forsbfi01,203
203,Gustav Forsling\forslgu02,204
204,Cam Fowler\fowleca01,205
205,Cody Franson\fransco01,206
206,Michael Frolik\frolimi01,207
207,Marián Gáborík\gaborma01,208
208,Kurtis Gabriel\gabriku01,209
209,Sam Gagner\gagnesa01,210
210,Alex Galchenyuk\galchal01,211
211,Brendan Gallagher\gallabr01,212
212,Ryan Garbutt\garbury01,213
213,Jake Gardiner\gardija01,214
214,Jason Garrison\garrija01,215
215,Johnny Gaudreau\gaudrjo01,216
216,Brendan Gaunce\gauncbr01,217
217,Cameron Gaunce\gauncca01,218
218,Frederik Gauthier\gauthfr01,219
219,Luke Gazdic\gazdilu01,220
220,Eric Gelinas\geliner01,221
221,Ryan Getzlaf\getzlry01,222
222,Tom Gilbert\gilbeto01,223
223,Brian Gionta\giontbr01,224
224,Stephen Gionta\giontst01,225
225,Mark Giordano\giordma01,226
226,Dan Girardi\girarda01,227
227,Zemgus Girgensons\girgeze01,228
228,Claude Giroux\giroucl01,229
229,Tanner Glass\glassta01,230
230,Luke Glendening\glendlu01,231
231,Nikolay Goldobin\goldoni01,232
232,Alex Goligoski\goligal01,233
233,Cody Goloubef\golouco01,234
234,Boyd Gordon\gordobo01,235
235,Josh Gorges\gorgejo01,236
236,Shayne Gostisbehere\gostish01,237
237,Yanni Gourde\gourdya01,238
238,Michael Grabner\grabnmi01,239
239,Petter Granberg\granbpe01,240
240,Markus Granlund\granlma01,241
241,Mikael Granlund\granlmi01,242
242,Derek Grant\grantde01,243
243,Tyler Graovac\graovty01,244
244,Kevin Gravel\graveke01,245
245,Mike Green\greenmi03,246
246,Andy Greene\greenan01,247
247,Matt Greene\greenma01,248
248,Seth Griffith\griffse01,249
249,Mikhail Grigorenko\grigomi01,250
250,Eric Gryba\grybaer01,251
251,Radko Gudas\gudasra01,252
252,Erik Gudbranson\gudbrer01,253
253,Jake Guentzel\guentja01,254
254,Carl Gunnarsson\gunnaca01,255
255,Carl Hagelin\hagelca01,256
256,Ron Hainsey\hainsro01,257
257,Micheal Haley\haleymi01,258
258,Taylor Hall\hallta02,259
259,Dan Hamhuis\hamhuda01,260
260,Dougie Hamilton\hamildo01,261
261,Freddie Hamilton\hamilfr01,262
262,Travis Hamonic\hamontr01,263
263,Noah Hanifin\hanifno01,264
264,Markus Hannikainen\hannima01,265
265,Jannik Hansen\hanseja01,266
266,Martin Hanzal\hanzama01,267
267,Shane Harper\harpesh01,268
268,Scott Harrington\harrisc01,269
269,Ryan Hartman\hartmry01,270
270,Scott Hartnell\hartnsc01,271
271,Garnet Hathaway\hathaga01,272
272,Erik Haula\haulaer01,273
273,John Hayden\haydejo01,274
274,Jimmy Hayes\hayesji01,275
275,Kevin Hayes\hayeske01,276
276,Victor Hedman\hedmavi01,277
277,Darren Helm\helmda01,278
278,Ales Hemsky\hemskal01,279
279,Matt Hendricks\hendrma01,280
280,Adam Henrique\henriad01,281
281,Tomas Hertl\hertlto01,282
282,Thomas Hickey\hicketh01,283
283,Vinnie Hinostroza\hinosvi01,284
284,Niklas Hjalmarsson\hjalmni01,285
285,Joshua Ho-Sang\hosanjo01,286
286,Mike Hoffman\hoffmmi02,287
287,Nick Holden\holdeni01,288
288,Peter Holland\hollape01,289
289,Korbinian Holzer\holzeko01,290
290,Julius Honka\honkaju01,291
291,Patric Hornqvist\hornqpa01,292
292,Bo Horvat\horvabo01,293
293,Marián Hossa*\hossama01,294
294,Marek Hrivik\hrivima01,295
295,Jonathan Huberdeau\huberjo01,296
296,Jiri Hudler\hudleji01,297
297,Brad Hunt\huntbr01,298
298,Matt Hunwick\hunwima01,299
299,Ben Hutton\huttobe01,300
300,Zach Hyman\hymanza01,301
301,Jarome Iginla*\iginlja01,302
302,Matt Irwin\irwinma01,303
303,Jaromír Jágr\jagrja01,304
304,Calle Jarnkrok\jarnkca01,305
305,Dmitrij Jaskin\jaskidm01,306
306,Boone Jenner\jennebo01,307
307,Nick Jensen\jenseni02,308
308,Ryan Johansen\johanry01,309
309,Marcus Johansson\johanma03,310
310,Stephen Johns\johnsst03,311
311,Erik Johnson\johnser01,312
312,Jack Johnson\johnsja02,313
313,Tyler Johnson\johnsty01,314
314,Jussi Jokinen\jokinju01,315
315,Jyrki Jokipakka\jokipjy01,316
316,Seth Jones\jonesse01,317
317,Josh Jooris\joorijo01,318
318,Jacob Josefson\josefja01,319
319,Roman Josi\josiro01,320
320,Tomas Jurco\jurcoto01,321
321,Nazem Kadri\kadrina01,322
322,Sergey Kalinin\kalinse01,323
323,Steven Kampfer\kampfst01,324
324,Evander Kane\kaneev01,325
325,Patrick Kane\kanepa01,326
326,Erik Karlsson\karlser01,327
327,Melker Karlsson\karlsme01,328
328,William Karlsson\karlswi01,329
329,Ondrej Kase\kaseon01,330
330,Zack Kassian\kassiza01,331
331,Duncan Keith\keithdu01,332
332,Chris Kelly\kellych01,333
333,Adrian Kempe\kempead01,334
334,Michal Kempny\kempnmi01,335
335,Tanner Kero\kerota01,336
336,Ryan Kesler\keslery01,337
337,Phil Kessel\kesseph01,338
338,Jujhar Khaira\khairju01,339
339,Alex Killorn\killoal01,340
340,Jakub Kindl\kindlja01,341
341,Dwight King\kingdw01,342
342,Oscar Klefbom\klefbos01,343
343,Kevin Klein\kleinke01,344
344,John Klingberg\klingjo01,345
345,Slater Koekkoek\koekksl01,346
346,Mikko Koivu\koivumi01,347
347,Leo Komarov\komarle01,348
348,Travis Konecny\konectr01,349
349,Anze Kopitar\kopitan01,350
350,Lauri Korpikoski\korpila01,351
351,Chris Kreider\kreidch01,352
352,David Krejci\krejcda01,353
353,Niklas Kronwall\kronwni01,354
354,Torey Krug\krugto01,355
355,Marcus Kruger\krugema01,356
356,Nikita Kucherov\kucheni01,357
357,Tom Kuhnhackl\kuhnhto01,358
358,Brett Kulak\kulakbr01,359
359,Nikolai Kulemin\kulemni01,360
360,Dmitry Kulikov\kulikdm01,361
361,Chris Kunitz\kunitch01,362
362,Evgeny Kuznetsov\kuzneev01,363
363,Kevin Labanc\labanke01,364
364,Joseph Labate\labatjo01,365
365,Andrew Ladd\laddan01,366
366,Paul Ladue\laduepa01,367
367,Patrik Laine\lainepa01,368
368,Anton Lander\landean01,369
369,Gabriel Landeskog\landega01,370
370,Nick Lappin\lappini01,371
371,Dylan Larkin\larkidy01,372
372,Philip Larsen\larseph01,373
373,Adam Larsson\larssad01,374
374,Johan Larsson\larssjo02,375
375,Curtis Lazar\lazarcu01,376
376,Nick Leddy\leddyni01,377
377,Anders Lee\leean01,378
378,Artturi Lehkonen\lehkoar01,379
379,Jori Lehtera\lehtejo01,380
380,Taylor Leier\leierta01,381
381,Josh Leivo\leivojo01,382
382,Kris Letang\letankr01,383
383,Mark Letestu\letesma01,384
384,Trevor Lewis\lewistr01,385
385,John-Michael Liles\lilesjo01,386
386,Oscar Lindberg\lindbos02,387
387,Esa Lindell\lindees01,388
388,Anton Lindholm\lindhan01,389
389,Elias Lindholm\lindhel01,390
390,Hampus Lindholm\lindhha01,391
391,Bryan Little\littlbr01,392
392,Ben Lovejoy\lovejbe01,393
393,Adam Lowry\lowryad01,394
394,Milan Lucic\lucicmi01,395
395,Roman Lyubimov\lyubiro01,396
396,Olli Maatta\maattol01,397
397,Andrew MacDonald\macdoan01,398
398,Derek MacKenzie\mackede01,399
399,Nathan MacKinnon\mackina01,400
400,Denis Malgin\malgide01,401
401,Evgeni Malkin\malkiev01,402
402,Brandon Manning\mannibr01,403
403,Josh Manson\mansojo01,404
404,Anthony Mantha\manthan01,405
405,Brad Marchand\marchbr03,406
406,Alexey Marchenko\marchal01,407
407,Jonathan Marchessault\audymjo01,408
408,Martin Marincin\marinma01,409
409,Andrei Markov\markoan01,410
410,Patrick Marleau\marlepa01,411
411,Mitch Marner\marnemi01,412
412,Pat Maroon\maroopa01,413
413,Matt Martin\martima02,414
414,Paul Martin\martipa01,415
415,Alec Martinez\martial01,416
416,Jordan Martinook\martijo01,417
417,Andreas Martinsen\martian01,418
418,Mike Matheson\mathemi01,419
419,Auston Matthews\matthau01,420
420,Shawn Matthias\matthsh01,421
421,Scott Mayfield\mayfisc01,422
422,Jake McCabe\mccabja01,423
423,Jared McCann\mccanja01,424
424,Michael McCarron\mccarmi01,425
425,Jay McClement\mccleja01,426
426,Connor McDavid\mcdavco01,427
427,Ryan McDonagh\mcdonry01,428
428,Brock McGinn\mcginbr01,429
429,Jamie McGinn\mcginja01,430
430,Greg McKegg\mckeggr01,431
431,Curtis McKenzie\mckencu01,432
432,Cody McLeod\mcleoco01,433
433,Brayden McNabb\mcnabbr01,434
434,Adam McQuaid\mcquaad01,435
435,Jayson Megna\megnaja01,436
436,Timo Meier\meierti01,437
437,Julian Melchiori\melchju01,438
438,Jonathon Merrill\merrijo01,439
439,Marc Methot\methoma01,440
440,Colin Miller\milleco02,441
441,Drew Miller\milledr01,442
442,J.T. Miller\millejt01,443
443,Kevan Miller\milleke03,444
444,John Mitchell\mitchjo01,445
445,Torrey Mitchell\mitchto01,446
446,Zack Mitchell\mitchza01,447
447,Sean Monahan\monahse01,448
448,Brandon Montour\montobr01,449
449,Dominic Moore\mooredo01,450
450,John Moore\moorejo01,451
451,Josh Morrissey\morrijo04,452
452,Joseph Morrow\morrojo02,453
453,Tyler Motte\mottety01,454
454,Matt Moulson\moulsma01,455
455,Connor Murphy\murphco02,456
456,Ryan Murphy\murphry01,457
457,Ryan Murray\murrary01,458
458,Jake Muzzin\muzzija01,459
459,Tyler Myers\myersty01,460
460,Vladislav Namestnikov\namesvl01,461
461,Rick Nash\nashri01,462
462,Riley Nash\nashri02,463
463,James Neal\nealja01,464
464,Chris Neil\neilch01,465
465,Brock Nelson\nelsobr01,466
466,Casey Nelson\nelsoca01,467
467,Patrik Nemeth\nemetpa01,468
468,Nikita Nesterov\nesteni01,469
469,Andrej Nestrasil\nestran01,470
470,Nino Niederreiter\niedeni01,471
471,Frans Nielsen\nielsfr01,472
472,Matthew Nieto\nietoma01,473
473,Matt Niskanen\niskama01,474
474,Stefan Noesen\noesest01,475
475,Nelson Nogier\nogiene01,476
476,Jordan Nolan\nolanjo01,477
477,Joakim Nordstrom\nordsjo02,478
478,Tomas Nosek\nosekto01,479
479,Ryan Nugent-Hopkins\nugenry01,480
480,Darnell Nurse\nurseda01,481
481,Markus Nutivaara\nutivma01,482
482,William Nylander\nylanwi01,483
483,Gustav Nyquist\nyquigu01,484
484,Cal O'Reilly\oreilca01,485
485,Ryan O'Reilly\oreilry01,486
486,Johnny Oduya\oduyajo01,487
487,Kyle Okposo\okposky01,488
488,Jamie Oleksiak\oleksja01,489
489,Steven Oleksy\oleksst01,490
490,Gustav Olofsson\olofsgu01,491
491,Dmitry Orlov\orlovdm01,492
492,Brooks Orpik\orpikbr01,493
493,T.J. Oshie\oshietj01,494
494,Steve Ott\ottst01,495
495,Xavier Ouellet\ouellxa01,496
496,Alex Ovechkin\ovechal01,497
497,Magnus Paajarvi\paajama01,498
498,Max Pacioretty\pacioma01,499
499,Jean-Gabriel Pageau\pageaje01,500
500,Iiro Pakarinen\pakarii01,501
501,Ondrej Palat\palaton01,502
502,Kyle Palmieri\palmiky01,503
503,Artemi Panarin\panarar01,504
504,Richard Panik\panikri01,505
505,Cedric Paquette\paquece01,506
506,Colton Parayko\parayco01,507
507,P.A. Parenteau\parenpi01,508
508,Zach Parise\parisza01,509
509,David Pastrnak\pastrda01,510
510,Greg Pateryn\patergr01,511
511,Joe Pavelski\paveljo01,512
512,Tanner Pearson\pearsta01,513
513,Matthew Peca\pecama01,514
514,Adam Pelech\pelecad01,515
515,Brendan Perlini\perlibr01,516
516,Mathieu Perreault\perrema01,517
517,David Perron\perroda01,518
518,Corey Perry\perryco01,519
519,Brett Pesce\pescebr01,520
520,Nic Petan\petanni01,521
521,Alexander Petrovic\petroal01,522
522,Jeff Petry\petryje01,523
523,Dion Phaneuf\phanedi01,524
524,Blake Pietila\pietibl01,525
525,Alex Pietrangelo\pietral01,526
526,Brandon Pirri\pirribr01,527
527,Tyler Pitlick\pitlity01,528
528,Tomas Plekanec\plekato01,529
529,Brayden Point\pointbr01,530
530,Roman Polák\polakro01,531
531,Jason Pominville\pominja01,532
532,Paul Postma\postmpa01,533
533,Benoit Pouliot\poulibe01,534
534,Derrick Pouliot\poulide01,535
535,Shane Prince\princsh01,536
536,Nate Prosser\prossna01,537
537,Dalton Prout\proutda01,538
538,Ivan Provorov\provoiv01,539
539,Matt Puempel\puempma01,540
540,Jesse Puljujarvi\puljuje01,541
541,Teemu Pulkkinen\pulkkte01,542
542,Teddy Purcell\purcete01,543
543,Tom Pyatt\pyattto01,544
544,Mark Pysyk\pysykma01,545
545,John Quenneville\quennjo02,546
546,Kyle Quincey\quincky01,547
547,Alan Quine\quineal01,548
548,Alexander Radulov\radulal01,549
549,Michael Raffl\rafflmi01,550
550,Rickard Rakell\rakelri01,551
551,Mikko Rantanen\rantami01,552
552,Victor Rask\raskvi01,553
553,Dennis Rasmussen\rasmude01,554
554,Kyle Rau\rauky01,555
555,Matt Read\readma01,556
556,Ryan Reaves\reavery01,557
557,Zach Redmond\redmoza01,558
558,Mike Reilly\reillmi01,559
559,Sam Reinhart\reinhsa01,560
560,Mike Ribeiro\ribeimi01,561
561,Brad Richardson\richabr02,562
562,Tobias Rieder\riedeto01,563
563,Morgan Rielly\riellmo01,564
564,Rasmus Ristolainen\ristora01,565
565,Brett Ritchie\ritchbr01,566
566,Nick Ritchie\ritchni01,567
567,Evan Rodrigues\rodriev01,568
568,Antoine Roussel\roussan01,569
569,Carter Rowney\rowneca01,570
570,Michal Rozsíval\rozsimi01,571
571,Chad Ruhwedel\ruhwech01,572
572,Kris Russell\russekr01,573
573,Robbie Russo\russoro01,574
574,Bryan Rust\rustbr01,575
575,Bobby Ryan\ryanbo01,576
576,Derek Ryan\ryande01,577
577,Brandon Saad\saadbr01,578
578,Zach Sanford\sanfoza01,579
579,Steven Santini\santist01,580
580,David Savard\savarda01,581
581,Luca Sbisa\sbisalu01,582
582,Marco Scandella\scandma01,583
583,Colton Sceviour\scevico01,584
584,Tim Schaller\schalti01,585
585,Mark Scheifele\scheima01,586
586,Brayden Schenn\schenbr01,587
587,Luke Schenn\schenlu01,588
588,David Schlemko\schleda01,589
589,Nick Schmaltz\schmani01,590
590,Nate Schmidt\schmina01,591
591,Jordan Schroeder\schrojo01,592
592,Justin Schultz\schulju01,593
593,Nick Schultz\schulni01,594
594,Jaden Schwartz\schwaja01,595
595,Brent Seabrook\seabrbr01,596
596,Daniel Sedin\sedinda01,597
597,Henrik Sedin\sedinhe01,598
598,Lukas Sedlak\sedlalu01,599
599,Tyler Seguin\seguity01,600
600,Dennis Seidenberg\seidede01,601
601,Andrej Sekera\sekeran01,602
602,Tom Sestito\sestito01,603
603,Devin Setoguchi\setogde01,604
604,Damon Severson\severda01,605
605,Michael Sgarbossa\sgarbmi01,606
606,Patrick Sharp\sharppa01,607
607,Kevin Shattenkirk\shattke01,608
608,Andrew Shaw\shawan01,609
609,Logan Shaw\shawlo01,610
610,Riley Sheahan\sheahri01,611
611,Conor Sheary\shearco01,612
612,Devin Shore\shorede01,613
613,Drew Shore\shoredr01,614
614,Nick Shore\shoreni01,615
615,Jakob Silfverberg\silfvja01,616
616,Wayne Simmonds\simmowa01,617
617,Colton Sissons\sissoco01,618
618,Jack Skille\skillja01,619
619,Jeff Skinner\skinnje01,620
620,Brady Skjei\skjeibr01,621
621,Jaccob Slavin\slavija01,622
622,Anton Slepyshev\slepyan01,623
623,Ben Smith\smithbe01,624
624,Brendan Smith\smithbr05,625
625,Craig Smith\smithcr01,626
626,Gemel Smith\smithge02,627
627,Reilly Smith\smithre01,628
628,Zack Smith\smithza01,629
629,Devante Smith-Pelly\smithde06,630
630,Carl Soderberg\soderca01,631
631,Marcus Sorensen\sorenma01,632
632,Nikita Soshnikov\soshnni01,633
633,Jason Spezza\spezzja01,634
634,Ryan Spooner\spoonry01,635
635,Ryan Sproul\sproury01,636
636,Jared Spurgeon\spurgja01,637
637,Eric Staal\staaler01,638
638,Jordan Staal\staaljo01,639
639,Marc Staal\staalma01,640
640,Drew Stafford\staffdr01,641
641,Matt Stajan\stajama01,642
642,Viktor Stalberg\stalbvi01,643
643,Steven Stamkos\stamkst01,644
644,Paul Stastny\stastpa01,645
645,Troy Stecher\stechtr01,646
646,Alex Steen\steenal01,647
647,Lee Stempniak\stemple01,648
648,Derek Stepan\stepade01,649
649,Chris Stewart\stewach02,650
650,Karl Stollery\stollka01,651
651,Mark Stone\stonema01,652
652,Michael Stone\stonemi01,653
653,Clayton Stoner\stonecl01,654
654,Anton Stralman\stralan01,655
655,Mark Streit\streima01,656
656,Ryan Strome\stromry01,657
657,Mark Stuart\stuarma01,658
658,P.K. Subban\subbapk01,659
659,Oskar Sundqvist\sundqos01,660
660,Andrej Sustr\sustran01,661
661,Ryan Suter\suterry01,662
662,Brandon Sutter\suttebr03,663
663,Brandon Tanev\tanevbr01,664
664,Chris Tanev\tanevch01,665
665,Vladimir Tarasenko\tarasvl01,666
666,Tomas Tatar\tatarto01,667
667,John Tavares\tavarjo01,668
668,Matt Tennyson\tennyma01,669
669,Teuvo Teravainen\teravte01,670
670,Chris Terry\terrych01,671
671,Shea Theodore\theodsh01,672
672,Nate Thompson\thompna01,673
673,Paul Thompson\thomppa02,674
674,Chris Thorburn\thorbch01,675
675,Joe Thornton\thornjo01,676
676,Shawn Thornton\thornsh01,677
677,Chris Tierney\tiernch01,678
678,Matthew Tkachuk\tkachma01,679
679,Jonathan Toews\toewsjo01,680
680,Tyler Toffoli\toffoty01,681
681,Jordin Tootoo\tootojo01,682
682,Vincent Trocheck\trochvi01,683
683,Jacob Trouba\troubja01,684
684,Nikita Tryamkin\tryamni01,685
685,Kyle Turris\turriky01,686
686,Fedor Tyutin\tyutife01,687
687,Scottie Upshall\upshasc01,688
688,James van Riemsdyk\vanrija01,689
689,Trevor van Riemsdyk\vanritr01,690
690,Chris VandeVelde\vandech01,691
691,Thomas Vanek\vanekth01,692
692,Sami Vatanen\vatansa01,693
693,Frank Vatrano\vatrafr01,694
694,Antoine Vermette\vermean01,695
695,Joel Vermin\vermijo01,696
696,Kris Versteeg\verstkr01,697
697,Jimmy Vesey\veseyji02,698
698,Jake Virtanen\virtaja01,699
699,Marc-Edouard Vlasic\vlasima01,700
700,Jakub Voracek\voracja01,701
701,Jakub Vrana\vranaja01,702
702,Radim Vrbata\vrbatra01,703
703,Chris Wagner\wagnech01,704
704,Joel Ward\wardjo02,705
705,Austin Watson\watsoau01,706
706,Jordan Weal\wealjo01,707
707,Shea Weber\webersh01,708
708,Yannick Weber\weberya01,709
709,Dale Weise\weiseda01,710
710,Alexander Wennberg\wennbal01,711
711,Zach Werenski\werenza01,712
712,Blake Wheeler\wheelbl01,713
713,Ryan White\whitery01,714
714,Chris Wideman\widemch01,715
715,Dennis Wideman\widemde01,716
716,Patrick Wiercioch\wiercpa01,717
717,Justin Williams\williju01,718
718,Colin Wilson\wilsoco01,719
719,Scott Wilson\wilsosc01,720
720,Tom Wilson\wilsoto01,721
721,Tommy Wingels\wingeto01,722
722,Daniel Winnik\winnida01,723
723,Luke Witkowski\witkolu01,724
724,Miles Wood\woodmi01,725
725,Nail Yakupov\yakupna01,726
726,Keith Yandle\yandlke01,727
727,Pavel Zacha\zachapa01,728
728,Nikita Zadorov\zadorni01,729
729,Nikita Zaitsev\zaitsni01,730
730,Travis Zajac\zajactr01,731
731,Henrik Zetterberg\zettehe01,732
732,Mika Zibanejad\zibanmi01,733
733,Harry Zolnierczyk\zolniha01,734
734,Mats Zuccarello\zuccama01,735
735,Jason Zucker\zuckeja01,736
740,Sebastian Aho\ahose02,737
741,Mark Alt\altma01,738
743,Michael Amadio\amadimi01,739
745,Rasmus Andersson\anderra01,740
749,Victor Antipin\antipvi01,741
750,Darren Archibald\archida02,742
754,Zach Aston-Reese\astonza01,743
770,Mathew Barzal\barzama01,744
772,Ethan Bear\bearet01,745
784,Tyler Bertuzzi\bertuty01,746
787,Chris Bigras\bigrach01,747
789,Anders Bjork\bjorkan01,748
792,Sammy Blais\blaissa01,749
794,Brock Boeser\boesebr01,750
798,David Booth\boothda01,751
799,Andreas Borgman\borgman01,752
804,Gabriel Bourque\bourqga01,753
806,Madison Bowey\boweyma01,754
811,Jesper Bratt\brattje01,755
813,Connor Brickley\brickco01,756
817,Jonny Brodzinski\brodzjo01,757
827,Will Butcher\butchwi01,758
834,Paul Carey\careypa01,759
837,Gabriel Carlsson\carlsga01,760
844,Thomas Chabot\chaboth01,761
849,Filip Chlapik\chlapfi01,762
852,Anthony Cirelli\cirelan01,763
876,Evgenii Dadonov\dadonev01,764
878,Carl Dahlstrom\dahlsca01,765
880,Zac Dalpe\dalpeza01,766
885,Jacob de La Rose\delarja01,767
887,Alex DeBrincat\debrial01,768
888,Jake DeBrusk\debruja01,769
893,Travis Dermott\dermotr01,770
898,Christopher Didomenico\didomch01,771
900,Christian Djoos\djoosch01,772
902,Ryan Donato\donatry01,773
911,Pierre-Luc Dubois\duboipi01,774
917,Vince Dunn\dunnvi02,775
942,Oscar Fantenberg\fanteos01,776
949,Christian Fischer\fischch01,777
951,Haydn Fleury\fleurha01,778
960,Tanner Fritz\fritzta01,779
961,Martin Frk\frkma01,780
962,Byron Froese\froesby01,781
969,Frederick Gaudreau\gaudrfr01,782
973,Brian Gibbons\gibbobr02,783
974,John Gilmour\gilmojo01,784
977,Samuel Girard\girarsa01,785
985,Barclay Goodrow\goodrba01,786
996,A.J. Greer\greeraj01,787
999,Matt Grzelcyk\grzelma01,788
1003,Brendan Guhle\guhlebr01,789
1005,Erik Gustafsson\gustaer02,790
1007,Robert Hagg\haggro01,791
1019,Ben Harpur\harpube01,792
1029,Tim Heed\heedti01,793
1030,Danton Heinen\heineda01,794
1036,Matthew Highmore\highmma01,795
1038,Nico Hischier\hischni01,796
1049,Charles Hudon\hudonch01,797
1051,Dryden Hunt\huntdr01,798
1054,Tomas Hyka\hykato01,799
1056,Alex Iafallo\iafalal01,800
1059,Mark Jankowski\jankoma01,801
1060,Mattias Janmark\janmama02,802
1065,Jakub Jerabek\jerabja01,803
1072,Ross Johnston\johnsro02,804
1078,Tyson Jost\jostty01,805
1080,Noah Juulsen\juulsno01,806
1082,David Kampf\kampfda01,807
1086,Kasperi Kapanen\kapanka01,808
1093,Clayton Keller\kellecl01,809
1096,Mario Kempe\kempema01,810
1098,Alexander Kerfoot\kerfoal01,811
1110,Kalle Kossila\kossika01,812
1118,Dean Kukan\kukande01,813
1122,Luke Kunin\kuninlu01,814
1124,Sean Kuraly\kuralse01,815
1129,Brooks Laich\laichbr01,816
1135,Scott Laughton\laughsc01,817
1142,Brendan Leipsic\leipsbr01,818
1144,Brett Lernout\lernobr01,819
1147,Vinni Lettieri\lettivi01,820
1150,Oskar Lindblom\lindbos01,821
1160,Kurtis MacDermid\macdeku01,822
1166,Maxim Mamin\maminma01,823
1167,Andrew Mangiapane\mangian01,824
1184,Charlie McAvoy\mcavoch01,825
1188,Max McCormick\mccorma01,826
1189,Ian McCoshen\mccosia01,827
1195,Roland McKeown\mckeoro01,828
1199,Jaycob Megna\megnaja02,829
1202,Victor Mete\metevi01,830
1204,Sonny Milano\milanso01,831
1208,Andrei Mironov\mironan01,832
1219,Mirco Mueller\muellmi01,833
1235,Boo Nieves\nievecr01,834
1246,Jim O'Brien\obrieji01,835
1247,Rob O'Gara\ogararo01,836
1248,Danny O'Regan\oregada01,837
1251,Jordan Oesterle\oestejo01,838
1273,Nolan Patrick\patrino01,839
1274,Nick Paul\paulni01,840
1287,Marcus Pettersson\pettema01,841
1290,Neal Pionk\pionkne01,842
1296,Tucker Poolman\poolmtu01,843
1304,Ryan Pulock\pulocry01,844
1315,Ty Rattie\rattity01,845
1323,Zac Rinaldo\rinalza01,846
1328,Jack Roslovic\rosloja01,847
1331,Kevin Roy\royke01,848
1335,Jan Rutta\ruttaja02,849
1338,Joakim Ryan\ryanjo02,850
1340,Miikka Salomaki\salommi01,851
1341,Travis Sanheim\sanhetr01,852
1351,Nikita Scherbak\scherni01,853
1353,Jordan Schmaltz\schmajo01,854
1363,Nick Seeler\seeleni01,855
1367,Mikhail Sergachev\sergami01,856
1377,Duncan Siemens\siemedu01,857
1380,Dominik Simon\simondo01,858
1392,Vladimir Sobotka\sobotvl01,859
1411,Chandler Stephenson\stephch02,860
1416,Dylan Strome\stromdy01,861
1423,Evgeny Svechnikov\svechev01,862
1424,Jordan Szwarz\szwarjo01,863
1434,Tage Thompson\thompta01,864
1441,Dominic Toninato\tonindo01,865
1444,Alex Tuch\tuchal01,866
1461,Lucas Wallmark\wallmlu01,867
1463,David Warsofsky\warsoda01,868
1468,MacKenzie Weegar\weegama01,869
1473,Colin White\whiteco02,870
1482,Christian Wolanin\wolanch01,871
1494,Valentin Zykov\zykovva01,872
1498,Kenny Agostino\agostke01,873
1499,Andrew Agozzino\agozzan01,874
1502,Joey Anderson\anderjo08,875
1504,Lias Andersson\anderli01,876
1508,Mason Appleton\applema01,877
1522,Rudolfs Balcers\balceru01,878
1528,Drake Batherson\bathedr01,879
1529,Gavin Bayreuther\bayrega01,880
1542,Clark Bishop\bishocl01,881
1548,Teddy Blueger\bluegte01,882
1553,Henrik Borgström\borgshe01,883
1560,Travis Boyd\boydtr01,884
1575,Josh Brown\brownjo01,885
1580,Chris Butler\butlech01,886
1592,Colby Cave\caveco01,887
1595,Erik Cernak\cernaer01,888
1599,Rourke Chartier\chartro01,889
1602,Dennis Cholowski\cholode01,890
1604,Filip Chytil\chytifi01,891
1609,Connor Clifton\cliftco01,892
1617,Max Comtois\comtoma01,893
1629,Josh Currie\currijo01,894
1632,Rasmus Dahlin\dahlira01,895
1634,Michael Dal Colle\dalcomi01,896
1640,Jean-Sebastien Dea\deaje01,897
1660,Justin Dowling\dowliju01,898
1662,Sheldon Dries\driessh01,899
1664,Dillon Dube\dubedi01,900
1679,Christoffer Ehn\ehnch01,901
1706,Warren Foegele\foegewa01,902
1707,Steven Fogarty\fogarst01,903
1712,Jakob Forsbacka Karlsson\forsbja01,904
1715,Alexandre Fortin\fortial01,905
1717,Trent Frederic\fredetr01,906
1724,Joseph Gambardella\gambajo01,907
1726,Conor Garland\garlaco01,908
1728,Adam Gaudette\gaudead01,909
1750,Ryan Graves\gravery01,910
1753,Jordan Greenway\greenjo02,911
1755,Rocco Grimaldi\grimaro01,912
1756,Carl Grundstrom\grundca01,913
1763,Denis Gurianov\guriade01,914
1774,Joel Hanley\hanlejo01,915
1781,Jayce Hawryluk\hawryja01,916
1787,Miro Heiskanen\heiskmi01,917
1792,Joe Hicketts\hickejo01,918
1795,Roope Hintz\hintzro01,919
1796,Taro Hirose\hirosta01,920
1802,Justin Holl\hollju01,921
1807,Brett Howden\howdebr01,922
1808,Filip Hronek\hronefi01,923
1822,Christian Jaros\jarosch01,924
1830,Luke Johnson\johnslu01,925
1832,Andreas Johnsson\johnsan01,926
1834,Henri Jokiharju\jokihhe01,927
1835,Caleb Jones\jonesca01,928
1836,Max Jones\jonesma03,929
1838,Mathieu Joseph\josepma01,930
1843,Dominik Kahun\kahundo01,931
1844,Vladislav Kamenev\kamenvl01,932
1865,Bogdan Kiselevich\kiselbo01,933
1868,Corban Knight\knighco01,934
1874,Jesperi Kotkaniemi\kotkaje01,935
1875,Ilya Kovalchuk\kovalil01,936
1882,Ryan Kuffner\kuffnry01,937
1883,Karson Kuhlman\kuhlmka01,938
1892,Oliver Kylington\kylinol01,939
1893,Jordan Kyrou\kyroujo01,940
1894,Joel L'Esperance\lespejo01,941
1899,Maxime Lajoie\lajoima01,942
1900,Juho Lammikko\lammiju01,943
1905,Jacob Larsson\larssja01,944
1908,Jeremy Lauzon\lauzoje01,945
1915,Brendan Lemieux\lemiebr01,946
1924,Par Lindholm\lindhpa01,947
1929,Matt Luff\luffma01,948
1930,Isac Lundestrom\lundeis01,949
1931,Ilya Lyubushkin\lyubuil01,950
1935,Mackenzie MacEachern\maceama01,951
1937,Saku Maenalanen\maenasa01,952
1938,Josh Mahura\mahurjo01,953
1941,Brad Malone\malonbr01,954
1970,Michael McLeod\mcleomi01,955
1973,Wade Megan\meganwa01,956
1981,Casey Mittelstadt\mitteca01,957
1985,Trevor Moore\mooretr01,958
1993,Philippe Myers\myersph01,959
2001,Valeri Nichushkin\nichuva01,960
2006,Sami Niku\nikusa01,961
2015,Alexander Nylander\nylanal01,962
2027,Igor Ozhiganov\ozhigig01,963
2054,Elias Pettersson\petteel01,964
2059,Lawrence Pilut\pilutla01,965
2076,Lukas Radil\radillu01,966
2082,Michael Rasmussen\rasmumi01,967
2091,Juuso Riikola\riikoju01,968
2096,Eric Robinson\robiner01,969
2098,Kevin Rooney\rooneke01,970
2102,Matt Roy\royma04,971
2115,Ashton Sautner\sautnas01,972
2134,Brett Seney\seneybr01,973
2141,Kiefer Sherwood\sherwki01,974
2143,Jonas Siegenthaler\siegejo01,975
2144,Dylan Sikura\sikurdy01,976
2146,Radim Simek\simekra01,977
2154,C.J. Smith\smithcj01,978
2165,Daniel Sprong\spronda01,979
2174,Sam Steel\steelsa01,980
2181,Ben Street\streebe01,981
2186,Antti Suomela\suomean01,982
2189,Andrei Svechnikov\svechan01,983
2196,Troy Terry\terrytr01,984
2198,Robert Thomas\thomaro01,985
2203,Brady Tkachuk\tkachbr01,986
2205,Devon Toews\toewsde01,987
2209,Zach Trotman\trotmza01,988
2213,Juuso Valimaki\valimju01,989
2217,Phil Varone\varonph01,990
2220,Max Veronneau\veronma01,991
2225,Mikhail Vorobyev\vorobmi01,992
2227,Austin Wagner\wagneau01,993
2229,Sean Walker\walkese01,994
2237,Andy Welinski\welinan01,995
2245,Garrett Wilson\wilsoga01,996
2251,Egor Yakovlev\yakoveg01,997
2252,Kailer Yamamoto\yamamka01,998
2277,Rasmus Asplund\asplura01,999
2281,Nicolas Aube-Kubel\aubekni01,1000
2289,Cole Bardreau\bardrco01,1001
2296,J.C. Beaudin\beaudje01,1002
2300,Emil Bemstrom\bemstem01,1003
2306,Lean Bergmann\bergmle01,1004
2313,Colin Blackwell\blackco01,1005
2321,Adam Boqvist\boqviad01,1006
2322,Jesper Boqvist\boqvije01,1007
2332,Erik Brannstrom\branner01,1008
2342,Logan Brown\brownlo01,1009
2344,Connor Bunnaman\bunnaco01,1010
2349,Nicholas Caamano\caamani01,1011
2391,Kirby Dach\dachki01,1012
2413,Noah Dobson\dobsono01,1013
2444,Andreas Englund\engluan01,1014
2445,Pierre Engvall\engvapi01,1015
2451,Jake Evans\evansja02,1016
2453,Dante Fabbro\fabbrda01,1017
2456,Joel Farabee\farabjo01,1018
2461,Mario Ferraro\ferrama01,1019
2465,Cale Fleury\fleurca01,1020
2474,Adam Fox\foxad01,1021
2477,Morgan Frost\frostmo01,1022
2481,Dylan Gambrell\gambrdy01,1023
2487,Julien Gauthier\gauthju01,1024
2488,Vladislav Gavrikov\gavrivl01,1025
2489,Nathan Gerbe\gerbena01,1026
2492,Dennis Gilbert\gilbede01,1027
2497,Cody Glass\glassco01,1028
2512,Noah Gregor\gregono01,1029
2522,Nikita Gusev\gusevni01,1030
2523,David Gustafsson\gustada01,1031
2525,Gaetan Haas\haasga01,1032
2528,Nicolas Hague\hagueni01,1033
2530,Libor Hajek\hajekli01,1034
2537,Jansen Harkins\harkija01,1035
2545,Barrett Hayton\haytoba01,1036
2569,Jack Hughes\hugheja03,1037
2570,Quinn Hughes\hughequ01,1038
2601,Kaapo Kakko\kakkoka01,1039
2615,Joel Kellman\kellmjo01,1040
2622,Joel Kiviranta\kivirjo01,1041
2627,Otto Koivula\koivuot01,1042
2636,Dominik Kubalík\kubaldo01,1043
2649,Sam Lafferty\laffesa01,1044
2667,Jakob Lilja\liljaja01,1045
2668,Timothy Liljegren\liljeti01,1046
2671,Ryan Lindgren\lindgry01,1047
2675,Gustav Lindstrom\lindsgu01,1048
2676,Blake Lizotte\lizotbl01,1049
2681,Joona Luoto\luotojo01,1050
2686,Zack MacEwen\macewza01,1051
2687,Ryan MacInnis\macinry01,1052
2690,Cale Makar\makarca01,1053
2699,John Marino\marinjo01,1054
2709,Gerald Mayhew\mayhege01,1055
2716,Dylan McIlrath\mcilrdy01,1056
2721,Dakota Mermis\mermida01,1057
2724,Jacob Middleton\middlja01,1058
2725,Ilya Mikheyev\mikheil01,1059
2745,Martin Necas\necasma01,1060
2748,Aaron Ness\nessaa01,1061
2761,Joakim Nygard\nygarjo01,1062
2765,Logan O'Connor\oconnlo01,1063
2770,Victor Olofsson\olofsvi01,1064
2790,Andrew Peeke\peekean01,1065
2796,Joel Persson\perssjo02,1066
2807,Ryan Poehling\poehlry01,1067
2811,Nikolai Prokhorkin\prokhni01,1068
2835,Calle Rosen\rosenca01,1069
2840,Nicolas Roy\royni01,1070
2843,Patrick Russell\russepa01,1071
2850,Scott Sabourin\sabousc01,1072
2851,Rasmus Sandin\sandira01,1073
2891,Givani Smith\smithgi01,1074
2897,Carson Soucy\soucyca01,1075
2908,Kevin Stenlund\stenlke01,1076
2910,Mitchell Stephens\stephmi01,1077
2913,Riley Stillman\stillri01,1078
2924,Nick Suzuki\suzukni01,1079
2934,Alexandre Texier\texieal01,1080
2940,Dmytro Timashov\timasdm01,1081
2941,Jarred Tinordi\tinorja01,1082
2948,Yakov Trenin\treniya01,1083
2951,Alexander True\trueal01,1084
2954,Carsen Twarynski\twaryca01,1085
2955,T.J. Tynan\tynant.01,1086
2960,Carter Verhaeghe\verhaca01,1087
2962,Gabriel Vilardi\vilarga01,1088
2982,Zach Whitecloud\whiteza01,1089
2990,Filip Zadina\zadinfi01,1090
3000,Wade Allison\alliswa01,1091
3003,Michael Anderson\andermi02,1092
3004,Jaret Anderson-Dolan\anderja01,1093
3007,Anthony Angello\angelan01,1094
3023,Alexander Barabanov\barabal01,1095
3026,Alex Barre-Boulet\barreal01,1096
3029,Nathan Bastian\bastina01,1097
3032,Jake Bean\beanja01,1098
3034,Nicolas Beaudin\beaudni01,1099
3038,Kieffer Bellows\belloki01,1100
3050,Tobias Bjornfot\bjornto01,1101
3061,William Borgen\borgewi01,1102
3064,Evan Bouchard\bouchev01,1103
3073,Mathias Brome\bromema01,1104
3074,Adam Brooks\brookad01,1105
3078,Jacob Bryson\brysoja01,1106
3081,Michael Bunting\buntimi01,1107
3085,Bowen Byram\byrambo01,1108
3093,Lucas Carlsson\carlslu01,1109
3096,Sam Carrick\carrisa01,1110
3097,Alexandre Carrier\carrial01,1111
3100,Cole Caufield\caufico01,1112
3106,Jalen Chatfield\chatfja01,1113
3114,Kale Clague\claguka01,1114
3119,Dylan Coghlan\coghldy01,1115
3123,Ross Colton\coltoro01,1116
3134,Dylan Cozens\cozendy01,1117
3143,Jeremy Davies\davieje01,1118
3150,Ty Dellandrea\dellaty01,1119
3168,Jamie Drysdale\drysdja01,1120
3208,Callan Foote\footeca01,1121
3210,Alex Formenton\formeal01,1122
3213,Liam Foudy\foudyli01,1123
3223,Rhett Gardner\gardnrh01,1124
3230,Morgan Geekie\geekimo01,1125
3260,Brandon Hagel\hagelbr01,1126
3265,Jani Hakanpaa\hakanja01,1127
3293,Nils Hoglander\hoglani01,1128
3312,Tanner Jeannot\jeannta01,1129
3326,Zachary Jones\jonesza01,1130
3328,Pierre-Olivier Joseph\joseppi01,1131
3329,Dakota Joshua\joshuda01,1132
3332,Olli Juolevi\juoleol01,1133
3336,Wyatt Kalynuk\kalynwy01,1134
3342,Kirill Kaprizov\kapriki01,1135
3356,Nikolai Knyzhov\knyzhni01,1136
3358,Keegan Kolesar\koleske01,1137
3363,Vitali Kravtsov\kravtvi01,1138
3373,Janne Kuokkanen\kuokkja01,1139
3375,Philipp Kurashev\kurasph01,1140
3381,Alexis Lafreniere\lafreal01,1141
3382,William Lagesson\lageswi01,1142
3396,Mikko Lehtonen\lehtomi03,1143
3399,John Leonard\leonajo01,1144
3409,Ryan Lomberg\lombery01,1145
3410,Steven Lorentz\lorenst01,1146
3415,Eetu Luostarinen\luostee01,1147
3419,Jacob MacDonald\macdoja02,1148
3427,Mikhail Maltsev\maltsmi01,1149
3433,Mason Marchment\marchma01,1150
3442,Stefan Matteau\mattest02,1151
3453,Ryan McLeod\mcleory01,1152
3456,Nicholas Merkley\merklni01,1153
3459,Marc Michaelis\michama01,1154
3461,Niko Mikkola\mikkoni01,1155
3464,K'Andre Miller\milleka01,1156
3466,Ian Mitchell\mitchia01,1157
3471,Samuel Morin\morinsa01,1158
3491,Joshua Norris\norrijo01,1159
3497,Liam O'Brien\obrieli01,1160
3498,Drew O'Connor\oconndr01,1161
3504,Mathieu Olivier\olivima01,1162
3524,Lane Pederson\pederla01,1163
3535,Shane Pinto\pintosh01,1164
3537,Rem Pitlick\pitlire01,1165
3555,Dan Renouf\renouda01,1166
3562,Jason Robertson\roberja01,1167
3565,Alexander Romanov\romanal01,1168
3573,Arttu Ruotsalainen\ruotsar01,1169
3580,Mattias Samuelsson\samuema02,1170
3596,Yegor Sharangovich\sharaye01,1171
3616,Ty Smith\smithty01,1172
3627,Logan Stanley\stanllo01,1173
3638,Austin Strand\stranau01,1174
3641,Jack Studnicka\studnja01,1175
3642,Nico Sturm\sturmni01,1176
3643,Tim Stützle\stuetti02,1177
3646,Pius Suter\suterpi01,1178
3667,Conor Timmins\timmico01,1179
3669,Owen Tippett\tippeow01,1180
3674,Eeli Tolvanen\tolvaee01,1181
3686,Kristian Vesalainen\vesalkr01,1182
3688,Jeffrey Viel\vielje01,1183
3692,Alexander Volkov\volkoal01,1184
3697,Oliver Wahlstrom\wahlsol01,1185
3700,Jake Walman\walmaja01,1186
3720,Jakub Zboril\zborija01,1187
3721,Trevor Zegras\zegratr01,1188
3723,Artem Zub\zubar01,1189
